0,0,0,0
1,0,0,0
2,0,0,0
3,0,0,0
4,0,0,0
5,0,0,0
6,0,0,0
7,0,0,0
8,0,0,0
9,0,0,0
10,0,0,0
11,0,0,0
12,0,0,0
13,0,0,0
14,0,0,0
15,0,0,0
16,0,0,0
17,0,0,0
18,0,0,0
19,0,0,0
20,0,0,0
21,0,0,0
22,0,0,0
23,0,0,0
24,0,0,0
25,0,0,0
26,0,0,0
27,0,0,0
28,0,0,0
29,0,0,0
30,0,0,0
31,0,0,0
32,0,0,0
33,0,0,0
34,0,0,0
35,0,0,0
36,0,0,0
37,0,0,0
38,0,0,0
39,0,0,0
40,0,0,0
41,0,0,0
42,0,0,0
43,0,0,0
44,0,0,0
45,0,0,0
46,-0.27702227432590887,3.0561882779929763,12.641308944005345
47,-0.22884615384615403,3.101003690073621,12.960558526441382
48,-0.14940617577197146,3.0804377685605804,12.806456685554108
49,-0.08450867052023114,3.026522010583233,12.46628076157445
50,0.029824561403508754,3.0637307450860165,12.610698877965534
51,0.1834532374100719,3.118781667860394,12.927523838860731
52,0.2583038869257952,3.068923042522403,12.700518492003788
53,0.3350665054413542,3.110449261371822,13.039096564403751
54,0.4086538461538459,3.103039184048087,12.960380443793941
55,0.4498829039812645,3.04608252597305,12.627200454668905
56,0.5720379146919431,3.08400796809838,12.775407429130183
57,0.7309582309582305,3.1596846658910325,13.245699478990002
58,0.7884057971014493,3.106096628221909,13.023527806189099
59,0.8657992565055761,3.1535991043134883,13.362613616217157
60,0.9286066584463624,3.14605179798735,13.296524073396512
61,0.958181818181818,3.1089223590233077,13.071245276424138
62,1.0658895705521472,3.144812432042656,13.230537870520108
63,1.2289672544080603,3.204781178919129,13.57971751312746
64,1.2670411985018726,3.1661185345745677,13.462893074968681
65,1.3443877551020407,3.202270858716787,13.7553850093596
66,1.3975857687420585,3.194638314147345,13.702950250747046
67,1.4120797011207968,3.157003591806621,13.42973061341875
68,1.5108723135271807,3.1995386474604963,13.632344745890304
69,1.6470817120622567,3.25580043075845,13.985588021366913
70,1.6824516129032259,3.2277082377041504,13.914933783968072
71,1.7535433070866142,3.2600792037191093,14.152522109367359
72,1.7887728459530026,3.2559542378514736,14.078038319908506
73,1.7967658473479948,3.239527137362205,13.950361175015837
74,1.8686684073107052,3.2670086176605864,14.077071186992898
75,1.9795755968169764,3.3088895558024305,14.300323435259786
76,1.99800796812749,3.3026940254024018,14.320101632452271
77,2.056451612903226,3.325853588899534,14.493527814515097
78,2.0823293172690764,3.33091868281364,14.434130797085952
79,2.0792828685258966,3.3161882962132063,14.318921036733776
80,2.125,3.328010519940915,14.337174044693949
81,2.208152173913043,3.3834755909546086,14.648046498042342
82,2.218801089918256,3.377888801101925,14.688968728027959
83,2.24027397260274,3.3898224383682365,14.769456227907563
84,2.2596707818930044,3.3997955733457896,14.789106381460229
85,2.2596707818930044,3.3997955733457896,14.789106381460229
86,2.2900826446280993,3.4182163869367823,14.849402056520413
87,2.31218836565097,3.4305056743990363,14.931670211958203
88,2.3233333333333333,3.4367015234945892,14.973147073658087
89,2.334540389972145,3.4476492463643673,15.014442289009024
90,2.334540389972145,3.4476492463643673,15.014442289009024
91,2.334540389972145,3.4476492463643673,15.014442289009024
92,2.337202797202797,3.464185666922914,15.076818278630023
93,2.342595204513399,3.488123855886313,15.203989759795663
94,2.3338983050847455,3.4913556692420844,15.225464321603283
95,2.3225352112676054,3.4849011462301354,15.182575689711447
96,2.31643059490085,3.4978467617895124,15.268595948576666
97,2.321714285714286,3.51754259117628,15.399469628135895
98,2.2925714285714287,3.51754259117628,15.399469628135895
99,2.2545064377682404,3.5208581027516397,15.421500342911486
100,2.2593073593073596,3.545839647614586,15.554592222467225
101,2.2163323782234956,3.536314425153547,15.442532830776178
102,2.1850213980028528,3.5335635687837996,15.375810872458997
103,2.191329479768786,3.5639133839847448,15.575785291320456
104,2.130503597122302,3.5488359708545776,15.50897805916417
105,2.0502145922746777,3.535394849419073,15.420228542373534
106,2.0345875542691747,3.5722360690173023,15.597897383601182
107,1.9931034482758618,3.5624938457632522,15.485204881868396
108,1.9566037735849058,3.571748230378356,15.643819428674059
109,1.9503681885125181,3.6116665577381433,15.873777992387462
110,1.87,3.598158042289964,15.851305758649664
111,1.7593886462882096,3.573722661946398,15.689793181778414
112,1.7300884955752207,3.622717088000689,15.89653504799863
113,1.660349854227405,3.6018699396862033,15.710504764220206
114,1.6202346041055717,3.6159571534087025,15.802648487177507
115,1.6085201793721973,3.660372567470821,16.109946835601992
116,1.5065868263473052,3.653914855824784,16.134950736629364
117,1.3599999999999999,3.6056295025256526,15.850652090579056
118,1.3143283582089555,3.6642833441764884,16.085238714521967
119,1.2420204978038067,3.62481761868011,15.77842671221333
120,1.1776957163958641,3.6388033095985923,15.91892162293902
121,1.1572289156626505,3.699303457126547,16.22947155860898
122,1.0343373493975903,3.6814499678083363,16.231033536528706
123,0.8650887573964496,3.632390113389384,15.94334703813669
124,0.8076923076923077,3.7081818363582792,16.25350344704528
125,0.725701624815362,3.6713231069809087,15.916076509327912
126,0.6422222222222219,3.6661008718404373,15.964332771301258
127,0.6062215477996963,3.736255254080909,16.351034843061708
128,0.47579425113464435,3.7183329629232906,16.30245782243321
129,0.29207048458149765,3.634425792283805,15.824548134624132
130,0.20481927710843373,3.722257943392818,16.22746330128362
131,0.13689604685212275,3.662010832152057,15.775172727674436
132,0.042942050520059394,3.6960770689050504,16.009793666811753
133,-0.031481481481481444,3.8028302335187085,16.62654086221239
134,-0.18545454545454565,3.7375443551709555,16.325811563715643
135,-0.38,3.6504582639397816,15.846730082155414
136,-0.4945454545454545,3.758072003495271,16.324015627198417
137,-0.5500732064421668,3.679367665105632,15.773654201556289
138,-0.6511177347242921,3.7262319616302566,16.0555255661703
139,-0.7555555555555554,3.821124549733664,16.62494031693662
140,-0.9106221547799697,3.75681405209919,16.349236181299386
141,-1.0859030837004404,3.6717282369260067,15.821284593596138
142,-1.2084337349397591,3.7605154205032685,16.224116205741357
143,-1.2565217391304349,3.6738498016828904,15.611913770379093
144,-1.3452173913043475,3.6787585871517487,15.611484307298891
145,-1.4145802650957289,3.728891824862636,15.863522110435268
146,-1.5513119533527697,3.6882745818676304,15.702945337553318
147,-1.6568406205923831,3.6171092907027056,15.192704996489269
148,-1.7436519258202563,3.676100413603489,15.363340514402521
149,-1.7711297071129706,3.627931635838652,15.019884527626436
150,-1.8428571428571425,3.640504921404859,15.082785772472665
151,-1.916407355021216,3.6814359700005106,15.230653307223175
152,-1.9687933425797506,3.6238572910448505,14.935734462215633
153,-2.0317073170731708,3.574907452308408,14.591084082614438
154,-2.1046511627906974,3.6115497752724233,14.729591059361738
155,-2.111290322580645,3.5762412347908725,14.471621734012661
156,-2.1493991989319094,3.55811742015708,14.375213264176354
157,-2.210690121786197,3.599193601684272,14.568933796775921
158,-2.2454545454545456,3.5612699835530126,14.394431463727393
159,-2.2748361730013107,3.5148492106129137,14.111447883182294
160,-2.303153745072273,3.529834522529142,14.147755684385551
161,-2.3093506493506495,3.498203908663851,13.982777149795778
162,-2.3358441558441556,3.49820390866385,13.982777149795773
163,-2.369291338582677,3.520109552079277,14.129772401713147
164,-2.374708171206225,3.484240408219695,13.965602113042928
165,-2.3921895006402045,3.444150703973887,13.787733742598537
166,-2.4238709677419354,3.465895176486603,13.894095127024663
167,-2.412833545108005,3.427041549941049,13.682617602248357
168,-2.4425287356321834,3.4427442679145805,13.752137577834112
169,-2.4425287356321834,3.4427442679145805,13.752137577834112
170,-2.468582375478927,3.4276041441504796,13.753462167027857
171,-2.4727272727272727,3.3937372738924267,13.597921131102902
172,-2.4905972045743328,3.4098264954378124,13.684123724359374
173,-2.4905972045743328,3.4055227318120025,13.684500254887126
174,-2.508695652173913,3.4196245395601608,13.771997059585894
175,-2.536923076923077,3.410117529524044,13.808639556326751
176,-2.5326530612244897,3.3945211875704615,13.738565285025773
177,-2.563076923076923,3.3992615616602233,13.809589330446437
178,-2.5961240310077516,3.416310100897899,13.916640410527416
179,-2.6081290322580646,3.4134503459289993,13.898683455158995
180,-2.6153846153846154,3.3905767873691675,13.810349149742187
181,-2.665758754863813,3.420540799119925,13.971175106710199
182,-2.677720207253886,3.4198581439225624,13.952885806361259
183,-2.745136186770428,3.407361569651007,13.972328139882734
184,-2.80956749672346,3.4327251653835944,14.11863280614275
185,-2.798054474708171,3.411754646140647,13.97194379549189
186,-2.856975228161668,3.418873233638756,14.045195561733488
187,-2.91108179419525,3.4496871136865934,14.21156816137763
188,-2.9783999999999997,3.4736837762325843,14.36315822176566
189,-2.996723460026212,3.42606645901365,14.11921536746387
190,-3.098934753661784,3.4684011999835977,14.344230134603082
191,-3.0994722955145115,3.4563897429217763,14.210981757303736
192,-3.1648936170212756,3.472140816686103,14.32456427765811
193,-3.2596752368064954,3.5052358608764314,14.577154033947114
194,-3.330894308943089,3.5037699718349193,14.597307805707667
195,-3.3954423592493295,3.4745243662743412,14.441165536377483
196,-3.4902040816326525,3.5223896097431213,14.65608231504976
197,-3.477479892761394,3.4904154077050267,14.439775250400674
198,-3.5483221476510063,3.4889433988918634,14.459555256811067
199,-3.67283950617284,3.5438270152921136,14.776505263098636
200,-3.767945205479451,3.5290167660468086,14.757278302208572
201,-3.8000000000000003,3.466178671462437,14.402750875535125
202,-3.917391304347827,3.5215351822662377,14.635967848911559
203,-3.8808764940239047,3.471372410537459,14.305344185971094
204,-3.998785425101216,3.5172976370873554,14.536209869076318
205,-4.140663900414938,3.5726473279321915,14.898312140730596
206,-4.197674418604651,3.539731087735576,14.735874380350518
207,-4.212649800266311,3.47516630379221,14.343638264712249
208,-4.329149797570851,3.524154037843453,14.53561001173757
209,-4.2904761904761894,3.4847602314844783,14.246617095779788
210,-4.3756324900133166,3.508991822835272,14.340678915258104
211,-4.484324324324325,3.536449008093272,14.554451837360608
212,-4.526506024096385,3.512287463189111,14.41826308488557
213,-4.508311688311688,3.434421572799015,13.988357381117146
214,-4.583769633507851,3.4763526857454927,14.096080328626728
215,-4.541335044929397,3.4325204774192013,13.8246538781397
216,-4.601158301158301,3.442626143993654,13.859857196326232
217,-4.684395318595579,3.463754204026416,14.004235638892268
218,-4.696907216494846,3.4346041996769205,13.878672506905723
219,-4.6787610619469024,3.3879466459870766,13.615861181901618
220,-4.728934010152284,3.415618751087032,13.666005979720989
221,-4.71509433962264,3.391849702997572,13.546049108862242
222,-4.733124215809284,3.390599216884042,13.51168470767897
223,-4.774148802017656,3.39524209696887,13.5804000079548
224,-4.801005025125628,3.3827134684959823,13.52958986913756
225,-4.763782447466008,3.3434522360312604,13.312546187093744
226,-4.796654275092936,3.352961488132344,13.345171667699496
227,-4.796654275092936,3.352961488132344,13.345171667699496
228,-4.782555282555284,3.330286067505271,13.230773790367127
229,-4.798892988929891,3.3370724734597808,13.246683315908362
230,-4.792420537897311,3.309517364322139,13.16698128260659
231,-4.809756097560976,3.304372200018915,13.134866694112436
232,-4.818392204628502,3.301809018289293,13.11886807450937
233,-4.803272727272727,3.2957239587745724,13.054902254117396
234,-4.795767835550182,3.2865601015907018,13.023688862360574
235,-4.819417475728157,3.298267313093474,13.070745582095697
236,-4.804347826086957,3.277904119631934,13.00849659838189
237,-4.82043530834341,3.276321099252394,13.02458465899099
238,-4.82043530834341,3.2701776978494106,13.025122136969241
239,-4.812907117008442,3.2651833005083972,12.99369844061949
240,-4.812907117008442,3.2651833005083972,12.99369844061949
241,-4.812907117008442,3.2651833005083972,12.99369844061949
242,-4.812907117008442,3.254969000226395,12.994592076100014
243,-4.789423076923077,3.2495947502096616,12.94755849317818
244,-4.782014388489209,3.2385878168035616,12.917042159007506
245,-4.796867469879517,3.2422911400649426,12.979828499879844
246,-4.780866425992779,3.2357576224794107,12.964565564892434
247,-4.780866425992779,3.229643792202313,12.9651004557324
248,-4.795767835550182,3.2292216884961826,13.028705323490911
249,-4.787167070217919,3.227577814059117,13.044837326939861
250,-4.771100362756951,3.2148870852225517,13.029959438773489
251,-4.762469733656175,3.207075017609288,13.046631089199803
252,-4.769902912621358,3.207836046810387,13.078657292723753
253,-4.769902912621358,3.207836046810387,13.078657292723753
254,-4.7686967113276495,3.2048590105212904,13.127350101117822
255,-4.798892988929891,3.2162547646875224,13.25725349577911
256,-4.797777777777778,3.2174500379391207,13.306903193032625
257,-4.813151364764268,3.21905757665467,13.373677723830166
258,-4.8054455445544555,3.209868001002662,13.34094130560947
259,-4.781381011097409,3.196168621269893,13.292139419507354
260,-4.804347826086957,3.2068393663060517,13.391579377323986
261,-4.795522388059702,3.1988035260479997,13.409156993232791
262,-4.803241895261845,3.1995648042008478,13.442965775666465
263,-4.802127659574467,3.196474740970338,13.494367178845883
264,-4.794382022471909,3.1872612435228316,13.461043327619475
265,-4.770149253731341,3.173526944156119,13.411368407601008
266,-4.785499999999997,3.183394578876899,13.478425249639013
267,-4.784316185696362,3.1802358948152323,13.530089113581642
268,-4.808816120906799,3.2154457317324523,13.578784485654715
269,-4.832487309644668,3.2350900672196437,13.681800193000637
270,-4.840458015267174,3.246732272174743,13.71604841958841
271,-4.840458015267174,3.246732272174743,13.71604841958841
272,-4.856521739130434,3.261532772254296,13.785828297021931
273,-4.831464968152867,3.3162178681767935,13.727670000195788
274,-4.806598984771574,3.3189069561580746,13.674467165406519
275,-4.831464968152867,3.3485783328918766,13.724838826386787
276,-4.8054777070063714,3.370151976035264,13.722951377180788
277,-4.813409961685826,3.405975395916049,13.75535443730463
278,-4.821382842509603,3.444150703973887,13.787733742598538
279,-4.828350515463916,3.528446767242005,13.870462346087605
280,-4.845548387096775,3.5620440325088776,13.885683192111731
281,-4.837451737451737,3.579939467244138,13.84784383719074
282,-4.853686934023286,3.6294993438855716,13.91624302785485
283,-4.828350515463916,3.6506603436058374,13.85977004362681
284,-4.803209242618741,3.699920106906985,13.801259441928481
285,-4.869190600522193,3.8219384840780117,14.02852111462942
286,-4.8527272727272734,3.8435082786907175,13.952566931952463
287,-4.870091027308193,3.87997963510168,13.967820632201995
288,-4.836434108527131,3.9064275957730112,13.873760685930115
289,-4.803209242618741,3.919492160388824,13.782049376421712
290,-4.843563068920677,4.014316943543961,13.95606764062471
291,-4.8517601043024765,4.0967272270339095,13.985891021785639
292,-4.835408560311283,4.114646884482942,13.910448692956574
293,-4.877486910994765,4.174601718243046,14.034991453965256
294,-4.843563068920677,4.1816880163572945,13.941424569151371
295,-4.835408560311283,4.1981153377860885,13.903146149530507
296,-4.843563068920677,4.24555329414133,13.935837081352334
297,-4.859999999999999,4.325676969687065,14.003087499924813
298,-4.843563068920677,4.331441081506067,13.928322873622594
299,-4.877486910994765,4.369668114623315,14.017925355647128
300,-4.877486910994765,4.389618086980388,14.016179959228229
301,-4.8517601043024765,4.383766377331531,13.960778350146484
302,-4.877486910994765,4.420651377313613,14.013464898132163
303,-4.877486910994765,4.4494680040516075,14.010943769971531
304,-4.869190600522193,4.447616381273755,13.973781391606053
305,-4.869190600522193,4.456459885121045,13.973007685273569
306,-4.869190600522193,4.460881637044689,13.972620832107326
307,-4.869190600522193,4.465303388968334,13.972233978941082
308,-4.869190600522193,4.4697251408919785,13.97184712577484
309,-4.869190600522193,4.478568644739268,13.971073419442353
310,-4.869190600522193,4.485201272624735,13.970493139692989
311,-4.8609374999999995,4.476646060977274,13.934111647141702
312,-4.8609374999999995,4.470030705560259,13.934690415745886
313,-4.886666666666668,4.482854355385986,13.989336260513518
314,-4.903416557161631,4.509011439970175,14.062088804523206
315,-4.886666666666668,4.487281887377504,13.988948901656862
316,-4.886666666666668,4.487281887377504,13.988948901656862
317,-4.886666666666668,4.487281887377504,13.988948901656862
318,-4.878357235984355,4.47871009627613,13.952471851065841
319,-4.878357235984355,4.47871009627613,13.952471851065841
320,-4.878357235984355,4.472086115884646,13.953051374257514
321,-4.895822454308094,4.4719360168538005,13.971653699191714
322,-4.895822454308094,4.4719360168538005,13.971653699191714
323,-4.895822454308094,4.4719360168538005,13.971653699191714
324,-4.895822454308094,4.4719360168538005,13.971653699191714
325,-4.913333333333334,4.476213057398707,13.9899172987985
326,-4.913333333333334,4.4717855254071885,13.990304657655157
327,-4.913333333333334,4.4717855254071885,13.990304657655157
328,-4.913333333333334,4.4717855254071885,13.990304657655157
329,-4.904954367666232,4.463254142029333,13.953824071846405
330,-4.904954367666232,4.4522141747101935,13.954789943832527
331,-4.904954367666232,4.4522141747101935,13.954789943832527
332,-4.904954367666232,4.4522141747101935,13.954789943832527
333,-4.904954367666232,4.44559019431871,13.9553694670242
334,-4.913333333333334,4.4540753974411125,13.991854093081782
335,-4.913333333333334,4.4540753974411125,13.991854093081782
336,-4.922454308093993,4.44540550531193,13.973974818189168
337,-4.922454308093993,4.44540550531193,13.973974818189168
338,-4.904954367666232,4.44559019431871,13.9553694670242
339,-4.922454308093993,4.440983753388285,13.97436167135541
340,-4.922454308093993,4.440983753388285,13.97436167135541
341,-4.914062499999997,4.432543691530503,13.937970104502918
342,-4.914062499999997,4.432543691530503,13.937970104502918
343,-4.914062499999997,4.432543691530503,13.937970104502918
344,-4.914062499999997,4.42151809916881,13.938934718843225
345,-4.931551499348108,4.425718253144259,13.957108036599218
346,-4.939999999999998,4.434151503479276,13.993597207936729
347,-4.931551499348108,4.421302266216603,13.957494385393668
348,-4.931551499348108,4.41467828582512,13.95807390858534
349,-4.931551499348108,4.41467828582512,13.95807390858534
350,-4.931551499348108,4.41467828582512,13.95807390858534
351,-4.931551499348108,4.4102622988974645,13.95846025737979
352,-4.931551499348108,4.4102622988974645,13.95846025737979
353,-4.931551499348108,4.4102622988974645,13.95846025737979
354,-4.923146944083225,4.401913112164311,13.92215736984434
355,-4.923146944083225,4.401913112164311,13.92215736984434
356,-4.949086161879896,4.4144532418464175,13.976682790352871
357,-4.932207792207793,4.393356001663434,13.90446148952681
358,-4.958148631029987,4.4058463119698095,13.958846606174241
359,-4.9838370565045995,4.435573171162097,14.068513820512877
360,-4.966666666666667,4.414227609517443,13.995340322791693
361,-4.966666666666667,4.414227609517443,13.995340322791693
362,-4.958148631029987,4.4058463119698095,13.958846606174241
363,-4.949674902470742,4.390901857373961,13.923120729809693
364,-4.949674902470742,4.390901857373961,13.923120729809693
365,-4.949674902470742,4.397508610248171,13.922542713830481
366,-4.941245136186771,4.389214165085401,13.886427168528721
367,-4.975718015665796,4.410031489922773,13.977069643519114
368,-4.9671875000000005,4.401672032917766,13.940671024655787
369,-4.9671875000000005,4.401672032917766,13.940671024655787
370,-4.941245136186771,4.389214165085401,13.886427168528721
371,-4.958701298701299,4.393356001663434,13.904461489526808
372,-4.958701298701299,4.393356001663434,13.904461489526808
373,-4.958701298701299,4.393356001663434,13.904461489526808
374,-4.958701298701299,4.393356001663434,13.904461489526808
375,-4.950259067357513,4.3916641376180205,13.86786379876636
376,-4.9671875000000005,4.412697625279458,13.93970641031548
377,-4.958701298701299,4.399954174339106,13.9038842242177
378,-4.950259067357513,4.3916641376180205,13.86786379876636
379,-4.950259067357513,4.396051523594073,13.867479952230942
380,-4.950259067357513,4.396051523594073,13.867479952230942
381,-4.950259067357513,4.396051523594073,13.867479952230942
382,-4.950259067357513,4.396051523594073,13.867479952230942
383,-4.941860465116278,4.387792992525354,13.831646670700627
384,-4.941860465116278,4.398733115178816,13.830689533990865
385,-4.959249676584735,4.40287119165382,13.848581758485032
386,-4.959249676584735,4.40287119165382,13.848581758485032
387,-4.967704280155642,4.415572624023237,13.884121102183645
388,-4.967704280155642,4.415572624023237,13.884121102183645
389,-4.967704280155642,4.415572624023237,13.884121102183645
390,-4.950259067357513,4.4114073745102536,13.866136489356983
391,-4.984745762711865,4.432342233535744,13.956528513407552
392,-4.933505154639175,4.390488957665467,13.795043426944495
393,-4.959249676584735,4.407252901839476,13.848198408516932
394,-4.933505154639175,4.39485372824989,13.794661558999467
395,-4.959249676584735,4.407252901839476,13.848198408516932
396,-4.941860465116278,4.407485213301586,13.829923824623057
397,-4.941860465116278,4.407485213301586,13.829923824623057
398,-4.941860465116278,4.414049286893663,13.8293495425972
399,-4.950259067357513,4.422375839450383,13.86517687301844
400,-4.950259067357513,4.422375839450383,13.86517687301844
401,-4.950259067357513,4.422375839450383,13.86517687301844
402,-4.950259067357513,4.415794760486305,13.865752642821565
403,-4.950259067357513,4.422375839450383,13.86517687301844
404,-4.950259067357513,4.415794760486305,13.865752642821565
405,-4.958701298701299,4.435144428609361,13.900805475902459
406,-4.958701298701299,4.430745646825579,13.901190319441863
407,-4.958701298701299,4.430745646825579,13.901190319441863
408,-4.932858990944373,4.418207177303616,13.847240033596682
409,-4.958701298701299,4.430745646825579,13.901190319441863
410,-4.9671875000000005,4.443569283892197,13.937005490162623
411,-4.932858990944373,4.422588887489272,13.84685668362858
412,-4.941245136186771,4.430948391736975,13.882775896815687
413,-4.941245136186771,4.430948391736975,13.882775896815687
414,-4.932858990944373,4.429161452767756,13.846281658676428
415,-4.932858990944373,4.429161452767756,13.846281658676428
416,-4.932858990944373,4.429161452767756,13.846281658676428
417,-4.941245136186771,4.441931082961073,13.881815035838573
418,-4.941245136186771,4.441931082961073,13.881815035838573
419,-4.941245136186771,4.441931082961073,13.881815035838573
420,-4.941245136186771,4.446324159450713,13.881430691447727
421,-4.941245136186771,4.446324159450713,13.881430691447727
422,-4.941245136186771,4.446324159450713,13.881430691447727
423,-4.941245136186771,4.446324159450713,13.881430691447727
424,-4.941245136186771,4.446324159450713,13.881430691447727
425,-4.941245136186771,4.446324159450713,13.881430691447727
426,-4.941245136186771,4.446324159450713,13.881430691447727
427,-4.949674902470742,4.465778389948347,13.916569882045303
428,-4.941245136186771,4.452913774185172,13.880854174861458
429,-4.941245136186771,4.457306850674811,13.880469830470613
430,-4.941245136186771,4.457306850674811,13.880469830470613
431,-4.941245136186771,4.457306850674811,13.880469830470613
432,-4.941245136186771,4.457306850674811,13.880469830470613
433,-4.941245136186771,4.457306850674811,13.880469830470613
434,-4.958148631029987,4.47871009627613,13.95247185106584
435,-4.958148631029987,4.47871009627613,13.95247185106584
436,-4.932207792207793,4.461537119312051,13.89849641466603
437,-4.9238341968911925,4.453087541282744,13.862489947270518
438,-4.9238341968911925,4.453087541282744,13.862489947270518
439,-4.9238341968911925,4.453087541282744,13.862489947270518
440,-4.9238341968911925,4.453087541282744,13.862489947270518
441,-4.9238341968911925,4.453087541282744,13.862489947270518
442,-4.9238341968911925,4.453087541282744,13.862489947270518
443,-4.932207792207793,4.461537119312051,13.89849641466603
444,-4.932207792207793,4.457138337528269,13.898881258205433
445,-4.932207792207793,4.457138337528269,13.898881258205433
446,-4.932207792207793,4.457138337528269,13.898881258205433
447,-4.932207792207793,4.457138337528269,13.898881258205433
448,-4.932207792207793,4.450540164852597,13.899458523514541
449,-4.932207792207793,4.450540164852597,13.899458523514541
450,-4.932207792207793,4.450540164852597,13.899458523514541
451,-4.932207792207793,4.450540164852597,13.899458523514541
452,-4.90646830530401,4.444497438417551,13.844939933788076
453,-4.914785992217899,4.452913774185172,13.880854174861458
454,-4.914785992217899,4.446324159450713,13.881430691447727
455,-4.914785992217899,4.446324159450713,13.881430691447727
456,-4.914785992217899,4.441931082961073,13.881815035838573
457,-4.914785992217899,4.446324159450713,13.881430691447727
458,-4.914785992217899,4.446324159450713,13.881430691447727
459,-4.923146944083225,4.448160382283785,13.918111257989866
460,-4.923146944083225,4.441553629409574,13.918689273969077
461,-4.923146944083225,4.430542374619224,13.919652633934428
462,-4.923146944083225,4.430542374619224,13.919652633934428
463,-4.923146944083225,4.423935621745013,13.92023064991364
464,-4.923146944083225,4.4129243669546625,13.92119400987899
465,-4.949086161879896,4.403398862037306,13.97764992326848
466,-4.949086161879896,4.385711854342726,13.979197335933451
467,-4.931551499348108,4.377142396940046,13.961357873338152
468,-4.949086161879896,4.3591813428008575,13.981518454930908
469,-4.949086161879896,4.35254871491539,13.982098734680273
470,-4.940625000000001,4.317877530968903,13.948002093642115
471,-4.932207792207793,4.281187066177,13.914274999781643
472,-4.940625000000001,4.27818539846681,13.951474705267216
473,-4.932207792207793,4.250395593690528,13.91696890455748
474,-4.940625000000001,4.247313739854071,13.954175625420074
475,-4.940625000000001,4.247313739854071,13.954175625420074
476,-4.958148631029987,4.2314148283274085,13.974107383554959
477,-4.9238341968911925,4.198619154671745,13.884753046324713
478,-4.958148631029987,4.207126900225302,13.976232301924425
479,-4.949674902470742,4.194901522105714,13.940268537192944
480,-4.949674902470742,4.194901522105714,13.940268537192944
481,-4.949674902470742,4.194901522105714,13.940268537192944
482,-4.949674902470742,4.190497020189574,13.940653881179085
483,-4.941245136186771,4.171756878848253,13.905452215875584
484,-4.9671875000000005,4.183365304156254,13.959770388593848
485,-4.941245136186771,4.160774187624155,13.906413076852697
486,-4.941245136186771,4.160774187624155,13.906413076852697
487,-4.9671875000000005,4.172339711794562,13.960735002934154
488,-4.958701298701299,4.160220567123002,13.924858197115286
489,-4.958701298701299,4.144824830879766,13.926205149503204
490,-4.958701298701299,4.144824830879766,13.926205149503204
491,-4.958701298701299,4.140426049095984,13.92658999304261
492,-4.958701298701299,4.140426049095984,13.92658999304261
493,-4.958701298701299,4.140426049095984,13.92658999304261
494,-4.950259067357513,4.132808365030969,13.890510744355971
495,-4.950259067357513,4.132808365030969,13.890510744355971
496,-4.950259067357513,4.132808365030969,13.890510744355971
497,-4.950259067357513,4.128420979054917,13.890894590891389
498,-4.950259067357513,4.135002058018994,13.890318821088263
499,-4.950259067357513,4.135002058018994,13.890318821088263
500,-4.950259067357513,4.135002058018994,13.890318821088263
501,-4.924516129032258,4.117085155910188,13.837123386023421
502,-4.924516129032258,4.117085155910188,13.837123386023421
503,-4.907216494845361,4.113326025554634,13.819292041453805
504,-4.907216494845361,4.113326025554634,13.819292041453805
505,-4.907216494845361,4.113326025554634,13.819292041453805
506,-4.915503875968993,4.1208539997808735,13.855000806418804
507,-4.9238341968911925,4.1284209790549165,13.890894590891387
508,-4.898193548387097,4.123640759729888,13.836549845006626
509,-4.90646830530401,4.131205160143161,13.872349456507294
510,-4.90646830530401,4.131205160143161,13.872349456507294
511,-4.90646830530401,4.131205160143161,13.872349456507294
512,-4.914785992217899,4.138808805175958,13.908334798806926
513,-4.914785992217899,4.149791496400057,13.907373937829812
514,-4.889147286821705,4.138358196026412,13.853469387683182
515,-4.889147286821705,4.138358196026412,13.853469387683182
516,-4.889147286821705,4.138358196026412,13.853469387683182
517,-4.914785992217899,4.149791496400057,13.907373937829812
518,-4.90646830530401,4.15311371107144,13.870432706666788
519,-4.914785992217899,4.171756878848253,13.905452215875584
520,-4.90646830530401,4.16406798653558,13.869474331746536
521,-4.898193548387097,4.162974382648091,13.83310859890588
522,-4.915503875968993,4.171178563986801,13.850597977553903
523,-4.932858990944373,4.175022261999719,13.868515956826284
524,-4.89897172236504,4.166786456888898,13.778434461199698
525,-4.90795892169448,4.178195866966436,13.759415734884033
526,-4.925192802056555,4.192907757455828,13.776149143523536
527,-4.916923076923078,4.196089602864634,13.739875910061485
528,-4.900510204081634,4.187283779585055,13.669207545357075
529,-4.917624521072799,4.1954247064727905,13.68628657220256
530,-4.917624521072799,4.206239080590006,13.685340437064175
531,-4.918320610687021,4.214156461810148,13.631409770174558
532,-4.9271918678526045,4.227541584341582,13.612582924086194
533,-4.919011406844106,4.224160061914241,13.577701434385924
534,-4.927848101265823,4.231050561752046,13.559576718882456
535,-4.953113087674714,4.259819811535152,13.609758945128046
536,-4.936662452591658,4.252910639222743,13.54018663813539
537,-4.913,4.239734531865936,13.386007478922975
538,-4.929787234042551,4.262615024247247,13.40109199033083
539,-4.913698630136986,4.2557951784814145,13.33359880600704
540,-4.897769516728624,4.251141491021507,13.266591099641015
541,-4.922388059701492,4.2688454928042585,13.315540451644637
542,-4.914392059553348,4.28644435242642,13.280293481352645
543,-4.891411042944787,4.266906582776672,13.132367352922136
544,-4.891411042944787,4.281452247693594,13.131094772138459
545,-4.883598531211749,4.282200374317384,13.098224700418793
546,-4.884390243902439,4.275054594866847,13.049942988679044
547,-4.884390243902439,4.2853810033226765,13.049039545004222
548,-4.846024096385542,4.254328934560075,12.891286665801742
549,-4.846938775510205,4.265692504848954,12.842902905433455
550,-4.83940119760479,4.2684904329017455,12.811254247200848
551,-4.824433849821215,4.257898180508307,12.749822368161343
552,-4.817003567181927,4.260694682972948,12.71862085977885
553,-4.840334128878281,4.271651823842779,12.76415291536278
554,-4.847846889952152,4.293180556564043,12.793448552314967
555,-4.833807829181494,4.277540451033596,12.686337088875398
556,-4.826390532544378,4.2842855824007255,12.655082855128123
557,-4.826390532544378,4.298314833178586,12.653855454727298
558,-4.849643705463183,4.313376598586006,12.69858851510597
559,-4.84218009478673,4.312018588826642,12.667970421127032
560,-4.850532544378698,4.3243691560517545,12.65157599684005
561,-4.8356890459363955,4.323612077468815,12.590747425195694
562,-4.851415094339622,4.331289759132708,12.60524555951156
563,-4.836619718309858,4.3305028552251486,12.5448486867689
564,-4.85229142185664,4.3381615683023975,12.559241776265297
565,-4.875471698113209,4.361246085549383,12.602624720549224
566,-4.860563380281691,4.360318541611698,12.542240152214838
567,-4.8696261682243005,4.363356514408846,12.482073746288556
568,-4.877829638273045,4.373498125135662,12.466298685512605
569,-4.863066202090593,4.36858948684674,12.407522821917482
570,-4.8712296983758705,4.378666200791571,12.391925749805397
571,-4.894179278230499,4.395682023332482,12.434686265476413
572,-4.864705882352941,4.374008053044552,12.319265101491991
573,-4.843835616438357,4.354931163124335,12.191513344354862
574,-4.829545454545455,4.357910770201957,12.134582053171387
575,-4.830464326160815,4.356771384724237,12.092515722511282
576,-4.823389830508473,4.363032598439314,12.06401607868787
577,-4.8455782312925155,4.377631419038894,12.104714172464199
578,-4.824324324324323,4.36188232494659,12.022425006560145
579,-4.789532293986635,4.3398732978394925,11.88739003617674
580,-4.804347826086957,4.350925691646476,11.8999817095162
581,-4.790566037735848,4.34069634559423,11.846822712442496
582,-4.797441601779756,4.357102405243807,11.872354215903602
583,-4.804347826086957,4.3698056357574675,11.898329928438486
584,-4.791592920353981,4.345260680613327,11.806196842709422
585,-4.777973568281938,4.348191006778912,11.752718571525637
586,-4.792613009922821,4.360997893152185,11.7648595800793
587,-4.792613009922821,4.3647322503445904,11.764532866159408
588,-4.785808580858083,4.361495283868047,11.738322310320392
589,-4.785808580858083,4.361495283868047,11.738322310320392
590,-4.807284768211919,4.381310008796727,11.776373240913777
591,-4.793626373626374,4.376631343850127,11.723794870829158
592,-4.800440528634361,4.391088818117444,11.748965499343445
593,-4.793626373626374,4.384075436099604,11.723143597147088
594,-4.7946330777656065,4.379177699683359,11.684136012175063
595,-4.787868852459015,4.372228677388969,11.658596917066484
596,-4.7946330777656065,4.382887515645584,11.6838114453346
597,-4.781134133042528,4.372697234196216,11.632522922644652
598,-4.774428726877039,4.365792561216463,11.60720731236686
599,-4.774428726877039,4.369478156399827,11.60688486456997
600,-4.774428726877039,4.375006549174874,11.606401192874635
601,-4.787868852459015,4.388886359225913,11.657139558745131
602,-4.767752442996741,4.368111855257015,11.581197281489462
603,-4.766666666666666,4.382154771966474,11.618721532381755
604,-4.711637931034481,4.347864311061661,11.493519791731087
605,-4.711637931034481,4.351514162326222,11.493200471121883
606,-4.690977443609022,4.341358907238167,11.456165453492059
607,-4.6500533617929545,4.321243482005052,11.382806870011855
608,-4.628281750266808,4.326665672997867,11.382332489768512
609,-4.5987179487179475,4.333624783731318,11.394176510029652
610,-4.544750795334041,4.306771723858963,11.30991043787179
611,-4.530932203389829,4.298098668049507,11.298400463136769
612,-4.4974683544303815,4.293958647228393,11.24994642762422
613,-4.420000000000001,4.251755974582295,11.109630773867814
614,-4.390928050052139,4.262001939046953,11.120597376290322
615,-4.38194297782471,4.304379008996346,11.261200162974735
616,-4.287110187110188,4.248932222008852,11.08622579354237
617,-4.284567257559958,4.256704136168675,11.121060873983764
618,-4.236732570239335,4.2521048882128145,11.097761928603285
619,-4.150513347022587,4.207890898972281,10.949944089233158
620,-4.087679671457905,4.214845851689965,10.949335609715002
621,-4.0522233712512925,4.243675267314426,11.027983686465078
622,-3.956269113149847,4.189880527596856,10.87150786278059
623,-3.9678386763185105,4.231415994400991,11.029056233868072
624,-3.903703703703703,4.217564606556085,10.972169972621147
625,-3.806072874493928,4.165268963156887,10.794782938171156
626,-3.7400000000000015,4.181177522381754,10.827058765342557
627,-3.6979381443298958,4.230770022185091,10.994182014780487
628,-3.598880976602238,4.175183258025163,10.850142459004182
629,-3.605263157894736,4.207682101876366,11.007821492030068
630,-3.530769230769232,4.196121108374589,10.93947319664252
631,-3.423943661971831,4.135443680776369,10.730666696430378
632,-3.363829787234042,4.166557451481506,10.80587001790858
633,-3.3294605809128632,4.244363411368538,11.063071627204446
634,-3.249897330595482,4.190503517178072,10.95146528802855
635,-3.2700523560209427,4.248227114915903,11.169502989845531
636,-3.215062761506276,4.24681006875674,11.157664425250848
637,-3.1421052631578945,4.198943551893105,11.008586016089257
638,-3.090426638917794,4.238006815482276,11.098995350144772
639,-3.070149253731343,4.316110460183347,11.370829639620238
640,-3.0115834218916038,4.295377710660406,11.335523050520516
641,-3.031391585760517,4.336644911295766,11.507197071011673
642,-2.987378640776699,4.338471805564112,11.507037238473734
643,-2.9300960512273204,4.301362115031396,11.384546264237452
644,-2.8916398713826363,4.3182887071360465,11.433036998998018
645,-2.8730558598028475,4.397726779494487,11.682513177972751
646,-2.818566775244299,4.364434263537675,11.58151902907398
647,-2.8208791208791206,4.397102597536188,11.722003868203464
648,-2.798461538461538,4.397102597536188,11.722003868203462
649,-2.7567066521264993,4.372697234196217,11.632522922644657
650,-2.7289473684210526,4.403090000729412,11.69516048983164
651,-2.7097886540600666,4.4475245268948465,11.86444330532717
652,-2.6783902976846745,4.411411715249661,11.760448942160759
653,-2.6746666666666665,4.430744258634639,11.852412983142026
654,-2.6562499999999996,4.448947427170409,11.904994816185802
655,-2.629333333333333,4.430744258634639,11.852412983142024
656,-2.6127516778523487,4.450532776045212,11.932125111398763
657,-2.595945945945946,4.461053058405274,12.013748691628964
658,-2.5710112359550563,4.438502098842513,11.988083321649313
659,-2.5729729729729724,4.428631857082242,12.016585179202616
660,-2.5624577226606537,4.420816125330886,12.03113486776545
661,-2.5499999999999994,4.405746303207161,12.0185874057252
662,-2.5214765100671137,4.36149926779294,11.939914534044775
663,-2.5270270270270268,4.346625289029871,12.023759824241871
664,-2.5004484304932735,4.313529088330679,11.971502658692252
665,-2.4952542372881354,4.324760711732965,12.067364434906427
666,-2.4988649262202043,4.306269243029311,12.125012855683991
667,-2.5006825938566553,4.297923726069142,12.153949538064806
668,-2.488181818181818,4.26168741868173,12.143000505595873
669,-2.481028571428571,4.2404734956626315,12.215775703060327
670,-2.47025171624714,4.224575513543758,12.231447812133299
671,-2.4684931506849312,4.192537780832668,12.205720924337013
672,-2.47025171624714,4.185821944052775,12.234838310134924
673,-2.47025171624714,4.170320516256382,12.236194509335574
674,-2.4720183486238536,4.155769828387342,12.266128226546643
675,-2.4720183486238536,4.1266379880188335,12.268676932326535
676,-2.4720183486238536,4.118869497253898,12.269356587201173
677,-2.4594501718213055,4.111646208054852,12.255641779570174
678,-2.473793103448276,4.111953430687479,12.298754134917377
679,-2.475576036866359,4.1128097831081085,12.327604368278951
680,-2.477367205542725,4.101936619927292,12.357614404769249
681,-2.475576036866359,4.083543694627302,12.330164819246768
682,-2.475576036866359,4.083543694627302,12.330164819246768
683,-2.477367205542725,4.086291991874119,12.358983132368982
684,-2.466473988439306,4.093544424204045,12.37292839665456
685,-2.4827906976744187,4.1005212465147896,12.445725449906455
686,-2.4809744779582363,4.08396823325863,12.417708481128662
687,-2.4809744779582363,4.074144967674199,12.418567905506103
688,-2.4791666666666665,4.061611538396865,12.39033568152115
689,-2.466473988439306,4.058303316965192,12.37601159402806
690,-2.4827906976744187,4.063106027039948,12.448998857453837
691,-2.4827906976744187,4.053259916651832,12.449860280492622
692,-2.4827906976744187,4.037506140030847,12.451238557354678
693,-2.4809744779582363,4.003417455466293,12.424755761023686
694,-2.4809744779582363,3.9877002305312024,12.426130840027593
695,-2.4791666666666665,3.967526483577089,12.398567057225096
696,-2.473793103448276,3.925081045941993,12.315103350108663
697,-2.4846153846153842,3.9102862503432814,12.301984963456443
698,-2.4846153846153842,3.89667578317073,12.303175725039333
699,-2.5009237875288677,3.8770450916629313,12.3772898640154
700,-2.5046403712296974,3.8757150028686844,12.43592827793043
701,-2.5046403712296974,3.859997777933594,12.437303356934338
702,-2.5065116279069763,3.852399264734264,12.467433310483834
703,-2.5065116279069763,3.852399264734264,12.467433310483834
704,-2.515527230590962,3.825517484114327,12.425638620950336
705,-2.5098964326812423,3.7859525292708254,12.341721452554104
706,-2.511764705882353,3.791917817688983,12.370191398234741
707,-2.5098964326812423,3.782054874525702,12.34206245315864
708,-2.5263888888888886,3.7871967951725187,12.414343860657658
709,-2.52830626450116,3.7990935313101213,12.442631788074484
710,-2.52258064516129,3.7733231567307612,12.357305599505633
711,-2.524480369515011,3.7733994308106595,12.386357684363624
712,-2.539165701042873,3.788232329133603,12.428900649328952
713,-2.5333716915995392,3.766464255545211,12.343426455576786
714,-2.5352941176470587,3.7704312653772005,12.37207122798028
715,-2.5352941176470587,3.7762912341895047,12.371558547140587
716,-2.55,3.7793563739375378,12.415029808632987
717,-2.5480369515011545,3.7733994308106604,12.386357684363626
718,-2.55,3.773476058011302,12.415544269614484
719,-2.5441379310344825,3.7479415979020008,12.3306010436754
720,-2.5441379310344825,3.742101835878704,12.33111195665013
721,-2.5588235294117645,3.748944713065417,12.373951057725815
722,-2.5568469505178366,3.729436535466542,12.346665961319886
723,-2.540274599542334,3.7014023254154846,12.277219535155238
724,-2.5422018348623854,3.7071394867123093,12.30537829555697
725,-2.540274599542334,3.6878385760936405,12.278406209455808
726,-2.5480369515011545,3.7108209185979684,12.391832594762555
727,-2.5480369515011545,3.7108209185979684,12.391832594762555
728,-2.5628041714947853,3.711699642594226,12.43559639179033
729,-2.546082949308756,3.693329181549891,12.364304165484333
730,-2.5480369515011545,3.699087447558089,12.392859140462354
731,-2.5441379310344825,3.677864453622444,12.336731999372134
732,-2.546082949308756,3.683573818722956,12.365157649140272
733,-2.5480369515011545,3.689309555024856,12.393714595212186
734,-2.5480369515011545,3.6853983980115625,12.39405677711212
735,-2.5480369515011545,3.689309555024856,12.393714595212186
736,-2.5333716915995392,3.6807158511525033,12.350928468876585
737,-2.5352941176470587,3.6864383790675044,12.379419653349201
738,-2.5352941176470587,3.6825317331926346,12.379761440575662
739,-2.5333716915995392,3.67681819640738,12.351269469481121
740,-2.5352941176470587,3.6864383790675044,12.379419653349201
741,-2.537225433526012,3.688271690957242,12.408385166449825
742,-2.539165701042873,3.694038253392831,12.437141563127572
743,-2.537225433526012,3.688271690957242,12.408385166449825
744,-2.539165701042873,3.6999253831266294,12.436626506015157
745,-2.539165701042873,3.694038253392831,12.437141563127572
746,-2.537225433526012,3.688271690957242,12.408385166449825
747,-2.541114982578397,3.69983160589781,12.466031555144133
748,-2.541114982578397,3.69983160589781,12.466031555144133
749,-2.5263888888888886,3.687231424426506,12.4230896973431
750,-2.5263888888888886,3.6911516350439975,12.422746723355434
751,-2.5263888888888886,3.6911516350439975,12.422746723355434
752,-2.5206896551724136,3.6700781042580486,12.33741321667177
753,-2.5206896551724136,3.6700781042580486,12.33741321667177
754,-2.524480369515011,3.6853983980115625,12.394056777112118
755,-2.5206896551724136,3.6700781042580486,12.33741321667177
756,-2.5263888888888886,3.6911516350439975,12.422746723355434
757,-2.524480369515011,3.681487240998269,12.394398959012051
758,-2.5206896551724136,3.6700781042580486,12.33741321667177
759,-2.5263888888888886,3.6911516350439975,12.422746723355434
760,-2.52830626450116,3.696931569232035,12.45156980159988
761,-2.52258064516129,3.6718673833306337,12.366181829527399
762,-2.52830626450116,3.696931569232035,12.45156980159988
763,-2.52830626450116,3.693002262998262,12.451913571350858
764,-2.5206896551724136,3.6759178662813445,12.336902303697043
765,-2.5080367393800227,3.676963955956695,12.322398019163128
766,-2.493592677345537,3.6684617913481485,12.280101458456617
767,-2.4954128440366965,3.678007646343799,12.307927001336855
768,-2.481028571428571,3.6714470841126268,12.26555906331779
769,-2.4525539160045398,3.654615435412654,12.182025176393946
770,-2.4401360544217687,3.6499123215553215,12.168381343725331
771,-2.4153846153846152,3.644369533497504,12.140851069192017
772,-2.375420875420875,3.6251657324487025,12.045468400859418
773,-2.3647191011235957,3.6278906377660602,12.059002635017686
774,-2.338926174496644,3.6170275924069273,12.005047365957202
775,-2.2999999999999994,3.598249353620192,11.911778407509145
776,-2.2654101995565408,3.599345598209873,11.898243919778716
777,-2.2060639470782797,3.5861187757280106,11.83265271845689
778,-2.1580503833515885,3.566728003955963,11.7552161502363
779,-2.1493392070484574,3.5741652804532213,11.820437047856554
780,-2.1026315789473684,3.560038391094314,11.768917948441993
781,-2.0418378378378375,3.5323628169062493,11.603036405071439
782,-1.9996735582154517,3.5512760256929194,11.678468275479586
783,-1.9351262349066958,3.570064913968208,11.781186070173888
784,-1.8770065075921911,3.5362782469249128,11.641111718239076
785,-1.8686879823594267,3.5674469897659815,11.83428628805635
786,-1.8345054945054944,3.5652252886571576,11.794783702174831
787,-1.777356446370531,3.528242633482667,11.628981038466348
788,-1.7335158817086525,3.564873095974849,11.755378433656528
789,-1.6886287625418062,3.610831882495596,11.964731527762622
790,-1.643521594684385,3.587311267609663,11.885887972817002
791,-1.6430167597765362,3.5954048689879716,11.993289377421736
792,-1.60913140311804,3.5874024028332228,11.953222709122999
793,-1.5871681415929202,3.5715568116639753,11.87388716016864
794,-1.552173913043478,3.603279904851199,11.965392240193708
795,-1.5267270668176671,3.6394660743655383,12.155271805454618
796,-1.502730375426621,3.6505671714047434,12.210585897857136
797,-1.5009184845005739,3.669186546143809,12.32307845435335
798,-1.4889655172413794,3.6720246915991472,12.337242912346861
799,-1.4780068728522333,3.6596499653124237,12.295186326766448
800,-1.4671232876712326,3.6473599974249247,12.253417799991382
801,-1.4535097813578823,3.676818196407381,12.351269469481124
802,-1.4523699421965315,3.6843560123751464,12.408727743935765
803,-1.4500583430571758,3.7154516623705085,12.523870291077893
804,-1.4482961222091655,3.7331869267350477,12.612170199123094
805,-1.4482961222091655,3.7292068304089465,12.612518412431369
806,-1.4588652482269504,3.73814943229048,12.687585890386654
807,-1.4582938388625588,3.7461705577067557,12.71747570912848
808,-1.4706508875739641,3.7431573381118364,12.702425442017086
809,-1.469560047562426,3.759280633386461,12.762488904850294
810,-1.4809069212410502,3.772484575956474,12.80782439075627
811,-1.492335329341317,3.7817270355108095,12.85384052629192
812,-1.5043165467625896,3.782792018782697,12.869430460691156
813,-1.5172043010752687,3.77353469971896,12.82330346979262
814,-1.528776978417266,3.792945082252457,12.868542182737492
815,-1.5304038004750593,3.7683090244638358,12.746275748697233
816,-1.542330558858502,3.781431454854136,12.760550959084082
817,-1.5539379474940334,3.7906728562438294,12.806233122422094
818,-1.5546318289786223,3.7783656217723633,12.745395910439093
819,-1.5553191489361704,3.770178387122744,12.684783719934247
820,-1.5672189349112426,3.7832409117628654,12.698918583729016
821,-1.5678445229681977,3.771070165417693,12.639088578623106
822,-1.579716981132075,3.778096264638129,12.653643719016127
823,-1.591617473435655,3.7811400618809126,12.668583085862664
824,-1.591617473435655,3.7851389544116234,12.66823322809957
825,-1.5921269095182136,3.772987889996057,12.608688066040346
826,-1.6037735849056598,3.7820904414936853,12.653294273821148
827,-1.6039999999999996,3.781992102761074,12.622998882249789
828,-1.604225352112676,3.7759310884353425,12.593367429474549
829,-1.6159010600706711,3.783038582285225,12.638041477826839
830,-1.6160987074030548,3.772987889996057,12.608688066040344
831,-1.6162954279015236,3.7768820038926423,12.57825641311486
832,-1.6280000000000001,3.77999971336489,12.623173193735283
833,-1.628169014084507,3.7799065132868837,12.593019624867345
834,-1.6397874852420302,3.79913507826911,12.66700872592873
835,-1.627830188679245,3.7920758836325765,12.652420660833702
836,-1.6280000000000001,3.7859768815534407,12.622650259278798
837,-1.6403508771929824,3.7708542097314908,12.548833591095882
838,-1.6404900816802797,3.7688067809730885,12.519202323059085
839,-1.6404900816802797,3.7747351274844867,12.518683659945886
840,-1.6406286379511057,3.7687404007615886,12.489536550143916
841,-1.6523364485981311,3.777742995624071,12.533308290389748
842,-1.6521126760563378,3.799783637544583,12.5912806018313
843,-1.6407665505226476,3.7686743289366698,12.460008597311976
844,-1.6407665505226476,3.7785090036565068,12.459148174764525
845,-1.6525581395348836,3.785445714095075,12.473290987147573
846,-1.6526682134570763,3.779447000141258,12.444350636829368
847,-1.6526682134570763,3.779447000141258,12.444350636829368
848,-1.6644599303135887,3.786376743432376,12.458459836726561
849,-1.664542294322132,3.7843075759777385,12.429244020737233
850,-1.6646242774566473,3.77833229834542,12.400505884273102
851,-1.664705882352941,3.776291234189504,12.371558547140586
852,-1.664705882352941,3.776291234189504,12.371558547140586
853,-1.664705882352941,3.782151203001809,12.371045866300895
854,-1.664705882352941,3.782151203001809,12.371045866300895
855,-1.6648679678530423,3.774181578617773,12.313892579285342
856,-1.6764434180138568,3.792955215877127,12.384646774863961
857,-1.6764434180138568,3.792955215877127,12.384646774863961
858,-1.664705882352941,3.7899644947515476,12.370362291847972
859,-1.6647871116225548,3.7898501840159495,12.341380451949572
860,-1.6765517241379309,3.7868733447239773,12.327194957177216
861,-1.676605504587156,3.7848243943616646,12.29858174681059
862,-1.676605504587156,3.788708639744133,12.298241919373272
863,-1.6882623705408517,3.797645493506196,12.3406984507405
864,-1.6766590389016014,3.7885978567701963,12.269590914651578
865,-1.6766590389016014,3.7885978567701963,12.269590914651578
866,-1.6883428571428571,3.7856394592196025,12.255568525034834
867,-1.6767653758542136,3.786448954158236,12.212849243271211
868,-1.6883694412770809,3.7932602551019885,12.22643706507045
869,-1.6883694412770809,3.7932602551019885,12.22643706507045
870,-1.6999999999999997,3.798286249142942,12.268743290151171
871,-1.68839590443686,3.7892864331185434,12.198449535044498
872,-1.68839590443686,3.7892864331185434,12.198449535044498
873,-1.6884484711211778,3.78139279352742,12.142854826476526
874,-1.6884222474460842,3.7968643491696836,12.169580009041336
875,-1.6656565656565654,3.7677188458119986,12.032996619489804
876,-1.6884745762711866,3.7851271091734366,12.11457625758804
877,-1.7116040955631395,3.802773028007384,12.197269610882156
878,-1.6657334826427772,3.7771396859042987,12.004719675099718
879,-1.6885264341957256,3.792545333505119,12.058400832776947
880,-1.6885521885521886,3.7962294684846585,12.030502263215881
881,-1.6659621802002222,3.7825451739194778,11.922621460191317
882,-1.6885778275475927,3.7998971011798552,12.002728659251956
883,-1.6886033519553076,3.794087275255431,11.975906919231281
884,-1.6886287625418062,3.801519318016614,11.948048538877702
885,-1.688654060066741,3.8032669101311747,11.920808543184219
886,-1.6886792452830188,3.8125251943418137,11.893031700578522
887,-1.6886792452830188,3.82004364489345,11.892373921387973
888,-1.6887541345093715,3.806445850079945,11.813376597183266
889,-1.6776315789473681,3.79772695063901,11.748122894032022
890,-1.6776315789473681,3.807011659996225,11.747310587219134
891,-1.6777777777777776,3.7973515880866895,11.669885181365105
892,-1.6667029379760607,3.811110486120114,11.655735705798834
893,-1.6776805251641136,3.825394460333026,11.719497936136904
894,-1.66655737704918,3.8262268838446962,11.706365884266432
895,-1.66655737704918,3.8280777373821344,11.70620395556406
896,-1.6666303162486367,3.8315799178172663,11.67986455346539
897,-1.6667752442996742,3.8275058725140685,11.628494176413765
898,-1.656034482758621,3.8131611008035833,11.540300260979594
899,-1.6557483731019524,3.837513693593003,11.61475703160345
900,-1.656034482758621,3.820460803332703,11.539661619761185
901,-1.656034482758621,3.8241106545972636,11.539342299151981
902,-1.6561290322580642,3.8239304090607833,11.514048558414004
903,-1.6561290322580642,3.8312144133048944,11.51341129061757
904,-1.6562231759656654,3.834653497110872,11.48790952409977
905,-1.655939524838013,3.8517246860770324,11.562345222960026
906,-1.645220193340494,3.8338453247409454,11.500567138546
907,-1.645220193340494,3.8338453247409454,11.500567138546
908,-1.6449838187702261,3.8579986129893333,11.549073195952136
909,-1.6561290322580642,3.849424423915174,11.511818121126485
910,-1.6453376205787777,3.8445356658248917,11.474485019423673
911,-1.6453376205787777,3.848165957329191,11.474167410071752
912,-1.6344753747323337,3.8471438642129456,11.46172379960843
913,-1.6451022604951557,3.8559222564204774,11.523890767623561
914,-1.6453376205787777,3.8536113945856414,11.47369099604387
915,-1.645686900958466,3.8366554112336564,11.40037667658033
916,-1.6458023379383633,3.834650895985032,11.375831423787021
917,-1.6563169164882225,3.8543966735780675,11.461089261010267
918,-1.6562231759656654,3.856458617112022,11.486001823292847
919,-1.656034482758621,3.8660839441397066,11.535670112146125
920,-1.666990291262136,3.8689599785994044,11.548114200724491
921,-1.6563169164882225,3.8489570665542256,11.461565164958888
922,-1.6670613562970935,3.8632141013580714,11.523252813855335
923,-1.6670613562970935,3.8632141013580714,11.523252813855335
924,-1.667202572347267,3.851796248833491,11.47384980071983
925,-1.667202572347267,3.851796248833491,11.47384980071983
926,-1.6670613562970935,3.8632141013580714,11.523252813855335
927,-1.678064516129032,3.8603504302813407,11.510862219431829
928,-1.6781115879828326,3.854641523778591,11.486160798360087
929,-1.6780172413793104,3.8660839441397057,11.53567011214612
930,-1.678064516129032,3.854887427098257,11.511340170279155
931,-1.678064516129032,3.854887427098257,11.511340170279155
932,-1.678158458244111,3.8417042571891047,11.462199703557053
933,-1.678064516129032,3.8530664260372287,11.511499487228264
934,-1.688972972972973,3.867407325637431,11.57372380878085
935,-1.688972972972973,3.8728998585674494,11.573243274415429
936,-1.6779697624190062,3.8700133576402713,11.560745171527294
937,-1.6779697624190062,3.875499959109244,11.560265156097474
938,-1.6999999999999997,3.8815969296907706,11.610900248193353
939,-1.6999999999999997,3.8907809372111393,11.610096751649584
940,-1.7110990206746464,3.9050931632959074,11.647513286978132
941,-1.711074918566775,3.902896502760533,11.621898350931119
942,-1.6889967637540453,3.8908827098195458,11.546196210269201
943,-1.7110509209100755,3.9080486077605485,11.595752321377612
944,-1.6890204520990313,3.9033192485148316,11.519744068130077
945,-1.678205128205128,3.8957674132238997,11.432484066190325
946,-1.678205128205128,3.9048140531104174,11.431692587757254
947,-1.6891141942369265,3.905542172555883,11.419176022001546
948,-1.6783439490445855,3.9001705632894286,11.357778247135975
949,-1.6891373801916933,3.9142079484333436,11.393591708747685
950,-1.6783898305084741,3.9123898098370784,11.332145615651886
951,-1.6784810126582275,3.9170229529187823,11.282924027754579
952,-1.6785263157894734,3.9202162255797735,11.258390688945248
953,-1.6785263157894734,3.9273468823661153,11.257766837312948
954,-1.6784810126582275,3.942032904199988,11.280735940542138
955,-1.6784810126582275,3.947392179474533,11.2802670647109
956,-1.6786610878661086,3.927944401794319,11.185561556297689
957,-1.678705636743215,3.938159318367612,11.160817708722915
958,-1.6787499999999995,3.944803483232774,11.136485637101929
959,-1.6787941787941785,3.9390970310846827,11.113332860309622
960,-1.6789256198347107,3.922119156925067,11.044448565720927
961,-1.6685508735868448,3.9116119279311166,10.987389395778534
962,-1.6686153846153844,3.9164713762025762,10.963939377965628
963,-1.6684860968074147,3.929405893701615,11.008952346811347
964,-1.6686796315250767,3.9074437357461624,10.941798590626234
965,-1.6686153846153844,3.9077866019115204,10.964699197261377
966,-1.668743615934627,3.8846141164008587,10.920959009875936
967,-1.6686796315250767,3.883176147399608,10.943921729497673
968,-1.6792260692464356,3.847094901406914,10.890160561745365
969,-1.668996960486322,3.8079475464845487,10.837244319223926
970,-1.668743615934627,3.813689938201682,10.927164071438257
971,-1.6691842900302114,3.758080169833968,10.774746664982311
972,-1.668807339449541,3.7703820262903314,10.908209226011026
973,-1.6791836734693875,3.752267750969125,10.9211543141519
974,-1.6792682926829268,3.6954238407594833,10.88082487445222
975,-1.6794354838709675,3.612133480642501,10.79860259342723
976,-1.6793522267206478,3.5893312996447344,10.845170954626075
977,-1.6691842900302114,3.5551293265067176,10.792502563026472
978,-1.6795591182364729,3.505997734982504,10.741698065996037
979,-1.6897487437185932,3.487419874081608,10.776318734979009
980,-1.6897280966767374,3.4442738238489756,10.802201162798493
981,-1.6897897897897898,3.349423843561307,10.744442105372482
982,-1.6897487437185932,3.32232187838781,10.790762937973069
983,-1.6795180722891563,3.291285383756043,10.78245775526969
984,-1.6999999999999997,3.2526407198165055,10.852295825382566
985,-1.6999999999999997,3.2317690525796037,10.898875931129968
986,-1.6999999999999997,3.1597285295433766,10.838182897971404
987,-1.6999999999999997,3.0631003526745806,10.780446566053287
988,-1.710313447927199,3.038957945689674,10.882145224696954
989,-1.6897280966767374,2.9906189975880615,10.841890817250146
990,-1.6999999999999997,2.9479274858378286,10.834560901240943
991,-1.710313447927199,2.927654089128362,10.891883050352783
992,-1.7102102102102097,2.842551205883595,10.788787715020764
993,-1.710149253731343,2.7535449734330157,10.731306140449037
994,-1.7204819277108432,2.726775054837387,10.83184600949336
995,-1.710149253731343,2.6743450168384584,10.738235238802806
996,-1.7101898101898096,2.641324205022241,10.78454965488337
997,-1.720523138832998,2.6242143193553,10.862882133542243
998,-1.710149253731343,2.5547025292168923,10.748702600145734
999,-1.7101898101898096,2.4890586817374887,10.79787116201663
1000,-1.7102512562814067,2.4661951584498683,10.865664320509271
1001,-1.6999999999999997,2.4201661686117637,10.79300960447653
1002,-1.7101898101898096,2.3976993677666374,10.805864066296584
1003,-1.7102102102102097,2.381449675956044,10.829128871623883
1004,-1.710149253731343,2.3322686085683473,10.768163046586107
1005,-1.7101090188305252,2.289176153533996,10.728851983508891
1006,-1.7203187250996015,2.269298579795281,10.784496138247547
1007,-1.7100691016781835,2.2380650259492936,10.690582689748524
1008,-1.7101694915254235,2.2433492306344633,10.79761192323357
1009,-1.7101694915254235,2.234906902684533,10.798350531222956
1010,-1.7101694915254235,2.226464574734603,10.799089139212343
1011,-1.710149253731343,2.2025154881900297,10.779514973676324
1012,-1.7101694915254235,2.196072194114855,10.801748127974136
1013,-1.7101898101898096,2.1946786700536345,10.823626075807596
1014,-1.7203999999999997,2.192286286750176,10.834746031408743
1015,-1.7101694915254235,2.194383728524869,10.801895849572013
1016,-1.7101898101898096,2.196370509201243,10.82347805906167
1017,-1.7203187250996015,2.181585819525052,10.79217001041776
1018,-1.7202783300198807,2.1796343566631733,10.77071440403522
1019,-1.720440881763527,2.1908809867501646,10.856755872679447
1020,-1.7102102102102097,2.194974792529461,10.845443309956028
1021,-1.7102102102102097,2.194974792529461,10.845443309956028
1022,-1.7204819277108432,2.189470042975052,10.878854106886976
1023,-1.7102102102102097,2.1864986614646167,10.846184875334762
1024,-1.6999999999999997,2.1835450726578363,10.81371126792358
1025,-1.6999999999999997,2.1835450726578363,10.81371126792358
1026,-1.6999999999999997,2.1793707279661785,10.749196950095989
1027,-1.6999999999999997,2.1807849066964557,10.727618016011304
1028,-1.6999999999999997,2.1950800903358565,10.790989414699265
1029,-1.689830508474576,2.202826056474799,10.801157241582628
1030,-1.6898101898101898,2.2014460266440676,10.823034008823896
1031,-1.689830508474576,2.202826056474799,10.801157241582628
1032,-1.6796407185628737,2.208897332938614,10.811493232554254
1033,-1.6796407185628737,2.208897332938614,10.811493232554254
1034,-1.6796407185628737,2.208897332938614,10.811493232554254
1035,-1.6795999999999998,2.214302189578003,10.83281988949402
1036,-1.6795999999999998,2.219382782538271,10.832375395206007
1037,-1.669369369369369,2.215317507085089,10.84366355304707
1038,-1.66955223880597,2.2109410154873226,10.778777835553582
1039,-1.66961271102284,2.2089331882470304,10.757370133794787
1040,-1.66955223880597,2.21431122640624,10.778482980304485
1041,-1.6592814371257485,2.220728387736311,10.810458149381907
1042,-1.6592814371257485,2.220728387736311,10.810458149381907
1043,-1.6591999999999998,2.219382782538271,10.832375395206007
1044,-1.6594433399602386,2.214986395154103,10.76762150143473
1045,-1.6594433399602386,2.2183532559627626,10.767326939282304
1046,-1.6491525423728812,2.224776109144617,10.79923686081022
1047,-1.6491525423728812,2.221399177964645,10.799532304005975
1048,-1.6491525423728812,2.221399177964645,10.799532304005975
1049,-1.6490509490509488,2.2200562572677596,10.821405824618719
1050,-1.6390438247011954,2.220381848106115,10.788775797727089
1051,-1.6387999999999998,2.2295439684588074,10.831486406629983
1052,-1.6389221556886229,2.227488990477852,10.809866673283416
1053,-1.6691842900302114,2.212925009712209,10.909930224881549
1054,-1.6590361445783133,2.204773033819233,10.877515268670072
1055,-1.659118236472946,2.2027594606051664,10.855716640877146
1056,-1.6591999999999998,2.2058345346442234,10.833560713307376
1057,-1.6591999999999998,2.2007539416839554,10.83400520759539
1058,-1.658953722334004,2.2102022169592233,10.899103499064438
1059,-1.6591999999999998,2.1973668797104438,10.83430153712073
1060,-1.659118236472946,2.1993656109323085,10.856013564249231
1061,-1.6591999999999998,2.1973668797104438,10.83430153712073
1062,-1.6592814371257485,2.1919958260847627,10.812971922800475
1063,-1.6592814371257485,2.195376127455533,10.812676184751233
1064,-1.6492537313432831,2.18903464451436,10.780694394672711
1065,-1.6492537313432831,2.18903464451436,10.780694394672711
1066,-1.6492537313432831,2.18903464451436,10.780694394672711
1067,-1.6390438247011954,2.184959387227753,10.791874861488136
1068,-1.62909632571996,2.183706808106673,10.759577156078864
1069,-1.6192079207920789,2.1807849066964557,10.727618016011304
1070,-1.5990099009900987,2.184138433402903,10.727324620441657
1071,-1.5701273261508324,2.1702181741071693,10.612041328277586
1072,-1.5498527968596663,2.1754463373277053,10.6325788681512
1073,-1.549557522123894,2.1740341747919567,10.653779937238365
1074,-1.5214007782101167,2.1685538411709024,10.539347959030547
1075,-1.484230769230769,2.1606350102857688,10.417455165728903
1076,-1.4550432276657057,2.1580853791646915,10.40759033344931
1077,-1.414754098360656,2.1650471954522237,10.447449573380316
1078,-1.3703422053231935,2.14484773549138,10.299047401754821
1079,-1.3550724637681157,2.158730711835919,10.46835365353502
1080,-1.3106870229007632,2.1452220951941032,10.338639500163566
1081,-1.268203198494826,2.1318840599844027,10.192750890095407
1082,-1.2197740112994349,2.1391401880512655,10.201790524595793
1083,-1.1560000000000001,2.148260332117798,10.318523525603242
1084,-1.1033962264150943,2.129728455474672,10.222017632508896
1085,-1.0862464183381086,2.136419837481265,10.349363118192398
1086,-1.0406844106463877,2.123920071206373,10.300878335133838
1087,-1.0008450704225353,2.1062814938611085,10.17569640151313
1088,-0.9390934844192634,2.116213771409205,10.232929342137364
1089,-0.8703349282296652,2.1284884056673192,10.370021218491358
1090,-0.8201895734597159,2.102029898642685,10.273272024372368
1091,-0.7994241842610365,2.108407821600542,10.401868023033456
1092,-0.7584615384615386,2.1068979693598586,10.42215654762135
1093,-0.7216524216524217,2.0924851150624324,10.293769362821982
1094,-0.6663479923518164,2.096838714315473,10.36279856961206
1095,-0.5932551319648095,2.1170022435718328,10.595784265703047
1096,-0.5512621359223303,2.089395526549667,10.525644122066932
1097,-0.5311459353574927,2.0922593529734472,10.61886184134863
1098,-0.4864306784660771,2.1007643975871755,10.660190212122854
1099,-0.4498054474708172,2.0795940422557058,10.547130932945173
1100,-0.3974459724950882,2.0865708688134674,10.650882872131934
1101,-0.327710843373494,2.10955442412211,10.885845817575268
1102,-0.28644067796610184,2.0846334651757785,10.811497753434043
1103,-0.254655870445344,2.092921834626557,10.976089818808058
1104,-0.22804878048780497,2.089667325878063,11.021310365887242
1105,-0.20181086519114688,2.0773094433506056,10.910730110219706
1106,-0.14827586206896548,2.0827099956427446,10.999405572333728
1107,-0.07943925233644855,2.09851657605761,11.262573612262795
1108,-0.037071651090342606,2.0826891836580215,11.263958329670936
1109,-0.016088328075709812,2.0902656381589515,11.406401893794378
1110,0.025158562367864623,2.089600453413208,11.467159297342986
1111,0.04459601259181534,2.0795120324820386,11.383241369162441
1112,0.08607594936708829,2.084150809024665,11.443279562037771
1113,0.16051502145922736,2.0993293636860333,11.63973071331739
1114,0.18727272727272737,2.0765199209637086,11.604127098610899
1115,0.22013057671381908,2.091780333080595,11.806157603048081
1116,0.251304347826087,2.087129417529951,11.793646920354922
1117,0.2602605863192182,2.0769722141083338,11.781646026644825
1118,0.31770491803278667,2.0956788263399644,11.857769220984906
1119,0.3853333333333333,2.104961703489777,12.055892590543559
1120,0.4033259423503327,2.091689963658829,12.030146696302914
1121,0.42690582959641254,2.0959907558968562,12.165512123714395
1122,0.4497757847533632,2.0978893332362687,12.165346019720369
1123,0.45879059350503937,2.0911945042401836,12.152220765821482
1124,0.492307692307692,2.1002677514552985,12.275942470450888
1125,0.5316151202749142,2.1057916372579792,12.43113131519656
1126,0.5378752886836025,2.0994242291211593,12.53281153753498
1127,0.553488372093023,2.101760837727223,12.620594326779807
1128,0.5732788798133022,2.1049175267741096,12.664773770164102
1129,0.5811123986095017,2.1005884721114345,12.576550354887562
1130,0.5917345750873106,2.0988675884422587,12.635631490752012
1131,0.6187279151943463,2.1154391654089144,12.783937522105967
1132,0.6187279151943463,2.1114496931197366,12.784286555704721
1133,0.629704142011834,2.1157642478800662,12.84480388851279
1134,0.6445497630331752,2.122868936515313,12.859496198465987
1135,0.6445497630331752,2.134908256326374,12.858442894465956
1136,0.6557142857142857,2.155489066944652,12.918262481937976
1137,0.672661870503597,2.186730441336426,13.009067755007012
1138,0.672661870503597,2.198914117500138,13.008001821462615
1139,0.6689530685920576,2.216785909629852,13.053714038220368
1140,0.6783653846153844,2.2359187509254403,13.036243651603861
1141,0.6783653846153844,2.254238196695637,13.034640907776891
1142,0.6840963855421687,2.291465308946532,13.063014981090324
1143,0.7014563106796114,2.3466837610691855,13.153998355295549
1144,0.689855072463768,2.3738694624506094,13.087589382319806
1145,0.695641646489104,2.3992648374859806,13.117305322241425
1146,0.686181818181818,2.425351669823626,13.131049962447713
1147,0.689855072463768,2.4454559172047867,13.081326379066804
1148,0.7131707317073169,2.511304030611242,13.204251168338862
1149,0.7036630036630036,2.5749392365126953,13.21494629445389
1150,0.6882926829268292,2.6166333968606983,13.195036042855664
1151,0.684577723378213,2.652928213252279,13.240767544310376
1152,0.6919805589307411,2.6793753438502064,13.140996498145201
1153,0.686181818181818,2.7004221573694442,13.106984413116907
1154,0.6941320293398532,2.771231231612419,13.214075216951906
1155,0.6829419035846722,2.874538835495615,13.353570793815999
1156,0.6729598051157126,2.899569624358217,13.154059461501879
1157,0.6691931540342296,2.936857733984641,13.199584775614888
1158,0.6691931540342296,2.9824050221370015,13.195599904247207
1159,0.665398773006135,3.020135304183321,13.241445705808772
1160,0.6712177121771218,3.0996031838039624,13.267459186688797
1161,0.6712177121771218,3.189174933410981,13.259622674026
1162,0.6461254612546125,3.232919276242317,13.255795539934871
1163,0.6364532019704433,3.2750498279967566,13.268653501818099
1164,0.6346389228886168,3.3079536622301076,13.183460243203838
1165,0.6249999999999999,3.3395926174713004,13.197074401985468
1166,0.6285359801488833,3.4291730836963534,13.355294998933019
1167,0.6227722772277227,3.513781358774464,13.314352332110342
1168,0.5877323420074348,3.548126769133961,13.328096918098005
1169,0.5779156327543421,3.5930631791888663,13.34095647351324
1170,0.5680745341614907,3.6360074672976266,13.354032033740276
1171,0.5722772277227723,3.6625941063730707,13.301332903707323
1172,0.5427329192546584,3.713846779732373,13.347221976325581
1173,0.5129675810473815,3.7950457746063133,13.390867941410574
1174,0.4775280898876403,3.829999595550066,13.404811008203762
1175,0.46209476309226916,3.8583948140111497,13.385325618617394
1176,0.436658354114713,3.8837344297730843,13.383108689500121
1177,0.41166875784190704,3.9175699630766143,13.465580741377327
1178,0.36566037735849055,3.9584902595725238,13.496474483867914
1179,0.3297229219143575,4.017420103294474,13.508620819704719
1180,0.28802547770700637,4.075610106824056,13.66123178814458
1181,0.25757575757575757,4.073715624635353,13.538430733969841
1182,0.21651954602774282,4.08504097303719,13.520050426185897
1183,0.18984771573604065,4.114092825573948,13.604897416436627
1184,0.13210191082802547,4.138173671939882,13.655758185447178
1185,0.04710327455919372,4.1240656314277215,13.499290544977324
1186,0.004303797468354409,4.162451838237882,13.565578329522296
1187,-0.03599003735990036,4.118709855767669,13.34559221768029
1188,-0.08542713567839211,4.1486320052197865,13.462580679989863
1189,-0.11275510204081629,4.191604011694125,13.668829574023725
1190,-0.19034749034749077,4.2054779398296755,13.793116312240187
1191,-0.27942283563362624,4.119433756981026,13.447919947834354
1192,-0.3313924050632914,4.145302157359339,13.567078732182253
1193,-0.3662515566625154,4.095510801154573,13.34762187196345
1194,-0.41536523929471036,4.113401078614396,13.500223572450063
1195,-0.46443298969072166,4.161338501983282,13.81509149405849
1196,-0.5494296577946768,4.058885174740339,13.592161113379168
1197,-0.6597014925373134,3.9571009828044037,13.342814562186067
1198,-0.7496894409937888,3.9052894130178295,13.330472916197554
1199,-0.7839805825242719,3.8326338865844347,13.023994564748044
1200,-0.8623188405797105,3.7790093029111764,12.96465557561088
1201,-0.9399038461538459,3.7197938583113785,12.90642140161928
1202,-1.026530612244898,3.676107887610981,12.894484875631045
1203,0,0,0
1204,0,0,0
1205,0,0,0
1206,0,0,0
1207,0,0,0
1208,0,0,0
1209,0,0,0
1210,0,0,0
1211,0,0,0
1212,0,0,0
1213,0,0,0
1214,0,0,0
1215,0,0,0
1216,0,0,0
1217,0,0,0
1218,0,0,0
